setting_id,scenario,n,delta,local_c,censoring,censor_u,defier_rate,finite_jump,theorem_valid,seed_group,true_effect,reps,wald_coverage,score_coverage,wald_mean_length,wald_median_length,wald_p90_length,wald_p95_length,wald_p99_length,score_mean_length,score_median_length,score_p90_length,score_full_set,score_disconnected,score_empty,mean_first_stage,sd_first_stage,first_stage_near_zero,realized_censoring,cause1_event_rate,ratio_bias,ratio_rmse,ratio_median_abs_error,score_coverage_mcse,wald_coverage_mcse
1,core,500,0.05,,0.0,0.0,0.0,True,True,1,-0.09649172685174347,5000,0.9992,0.9534,9133.869053451286,5.163288562676807,96.18563060707541,391.806220969244,10582.505752018573,1.8612781360278674,2.0,2.0,0.8032,0.0194,0.0008,0.03584772454313937,0.04059214426892966,0.137,0.0,0.28230599999999995,0.21430750140915852,55.11082241348767,0.7127568280615519,0.0029808871162793123,0.0003998399679871993
2,core,500,0.05,,0.3,0.0,0.0,True,True,2,-0.09649172685174347,5000,0.999,0.9478,13181.839893066546,5.4750916516940515,85.29929064180018,317.0320179583707,4606.274847476513,1.8634409767621982,2.0,2.0,0.8064,0.0176,0.0008,0.03589418267431468,0.04126840800806082,0.1312,0.2998068,0.28223200000000004,-0.0771711936411332,63.66065030978222,0.7533911450283752,0.003145636978419475,0.0004469899327725404
3,core,1000,0.05,,0.0,0.0,0.0,True,True,3,-0.09649172685174347,5000,0.999,0.9488,7213.516332335318,3.7552115052164274,42.68996600207643,162.4675276045983,2850.0928777785957,1.8149432343074863,2.0,2.0,0.7214,0.0156,0.0004,0.03504876726419791,0.02944328707803679,0.138,0.0,0.28239380000000003,0.5796812933200785,58.08188602384502,0.5607796595018137,0.0031170036894427964,0.0004469899327725404
4,core,1000,0.05,,0.3,0.0,0.0,True,True,4,-0.09649172685174347,5000,0.9988,0.9462,1064.299673697651,3.9236081139041876,40.58571240583582,160.82207854341902,4135.779969985246,1.8247057763354249,2.0,2.0,0.7344,0.0134,0.0004,0.03573815366490997,0.028956275377772855,0.127,0.29990459999999997,0.2822402,-0.32424293211463545,19.112964776577087,0.5908392281660918,0.0031907854832313614,0.0004896039215529179
5,core,500,0.15,,0.0,0.0,0.0,True,True,5,-0.09649172685174347,5000,0.992,0.9454,17.77340201755736,1.552386324591049,3.670020769102587,5.704933069519065,35.01453679366579,1.530494324901927,1.5134127250003835,2.0,0.3034,0.0024,0.0,0.1073621244647339,0.042675427540023146,0.0068,0.0,0.27919160000000004,-0.023943058360975197,2.1386769945083137,0.2573994112251317,0.003213062090903317,0.0012598412598418905
6,core,500,0.15,,0.3,0.0,0.0,True,True,6,-0.09649172685174347,5000,0.9928,0.9448,225.3287376188212,1.6887173618974531,3.980749045014905,6.491380516334121,34.14211489902363,1.5687823205014475,1.5878512495201358,2.0,0.3178,0.003,0.0,0.10635862435896358,0.042223190040329185,0.0076,0.29985,0.278858,-0.11271088822211736,7.567256385076561,0.27471323877378134,0.0032296427046966053,0.0011956721958797892
7,core,1000,0.15,,0.0,0.0,0.0,True,True,7,-0.09649172685174347,5000,0.9782,0.9468,3.6870611081975526,1.0752508936569052,1.7667988760203328,2.1944732990721656,3.8130431735047785,1.2261811727449088,1.1587532507058793,1.7963639011336852,0.0708,0.0002,0.0,0.10689113859323979,0.029876704965572723,0.0002,0.0,0.27860880000000005,0.007399821066672215,0.9185860982883609,0.18671105871806729,0.003173948959892078,0.002065176021553613
8,core,1000,0.15,,0.3,0.0,0.0,True,True,8,-0.09649172685174347,5000,0.9824,0.9486,1.3784733598284957,1.1603814443908387,1.9213746012672217,2.319663199032583,3.9136000749630684,1.2803718617835227,1.202602995869333,1.908230449266422,0.0862,0.0,0.0,0.10624147562469625,0.02988178614109096,0.0006,0.2999528,0.2787512,-0.018417151091306042,0.35882839033767117,0.19643998419648054,0.0031227564746550444,0.0018595827488982549
9,core,500,0.35,,0.0,0.0,0.0,True,True,9,-0.09649172685174347,5000,0.9648,0.953,0.6566761238391541,0.6354591172744708,0.8208356987472853,0.8997031076879669,1.0896047146396146,0.7052024026567436,0.6758892156235182,0.9099030499752121,0.0006,0.0,0.0,0.2491403622623367,0.04250837479101546,0.0,0.0,0.27188,-0.004077405074730341,0.16721893930554105,0.10840533175762879,0.002993025225419928,0.00260618341641566
10,core,500,0.35,,0.3,0.0,0.0,True,True,10,-0.09649172685174347,5000,0.9636,0.9488,0.7022992297085718,0.6748015086076803,0.8870107073680387,0.9724532475295409,1.1622200502865763,0.75030603958138,0.7166441358350353,0.9710087789773396,0.0008,0.0,0.0,0.24950717159214555,0.04320805078231384,0.0,0.29999039999999993,0.2717564,-0.0011240892479257058,0.17898084444407714,0.11407956221315022,0.0031170036894427964,0.0026485860378700175
11,core,1000,0.35,,0.0,0.0,0.0,True,True,11,-0.09649172685174347,5000,0.951,0.9446,0.4539240255284994,0.44753392328038377,0.5306288014142805,0.5615461902379784,0.6220374232748519,0.46894773833945985,0.46096692842408304,0.5535866777598589,0.0,0.0,0.0,0.24858326278511267,0.029901162967488248,0.0,0.0,0.27191400000000004,0.000904128567628889,0.11682193808625967,0.07606169508351696,0.0032351457463304493,0.0030528347482299146
12,core,1000,0.35,,0.3,0.0,0.0,True,True,12,-0.09649172685174347,5000,0.96,0.9524,0.48395606880432995,0.47499256457376304,0.5667651177749734,0.598838335408719,0.6734392516443531,0.49977211836276536,0.4890123991530535,0.5913331509120499,0.0,0.0,0.0,0.24958463927657495,0.029932622270365108,0.0,0.3000354,0.2726402,0.0023388612540809115,0.12194005395293665,0.08060305087667498,0.0030111207215918786,0.002771281292110205
13,local_to_zero,500,0.03143169233622606,0.5,0.3,0.0,0.0,True,True,13,-0.09649172685174347,5000,0.9978,0.9542,8036.845634635258,7.26032878139442,122.91987771947807,447.2612345450498,6487.271669313964,1.8922519829399504,2.0,2.0,0.8584,0.019,0.0014,0.022254565630511387,0.040819755215283644,0.164,0.30040159999999994,0.2829804,0.6946806100130437,51.01389249866699,0.9088195372122527,0.002956428926931948,0.0006625948988635484
14,local_to_zero,1000,0.022225562795114687,0.5,0.3,0.0,0.0,True,True,14,-0.09649172685174347,5000,0.9992,0.9552,4862.862346409356,7.403795110124583,124.28506001764302,450.6685196586478,6390.244941761106,1.8894213638394388,2.0,2.0,0.8514,0.0188,0.0016,0.01572572802870839,0.02884977254487784,0.2392,0.2996656,0.28323380000000004,-0.6562359658897939,36.44012224809164,0.9203288220252254,0.0029255071355236842,0.0003998399679871993
15,local_to_zero,2500,0.01405668014233213,0.5,0.3,0.0,0.0,True,True,15,-0.09649172685174347,5000,0.9998,0.9508,22067.667378822774,7.597099081605425,146.62278747779285,623.7935063333736,17645.51321693805,1.8882540687368972,2.0,2.0,0.8556,0.024,0.0014,0.009523378844659407,0.018062813437031165,0.372,0.29986088,0.28345344,-1.4637183573592716,62.2585340788635,0.9405356257486912,0.0030587369942510594,0.00019997999899988897
16,local_to_zero,5000,0.009939573849613333,0.5,0.3,0.0,0.0,True,True,16,-0.09649172685174347,5000,0.9996,0.9462,181705.94014481394,7.422782900303777,142.04036472755845,595.291976924317,12255.031468221247,1.8847195785041166,2.0,2.0,0.8562,0.021,0.0006,0.007074009598777943,0.012730933581272096,0.497,0.30011459999999995,0.28364724,1.8785330039939327,182.7470235307289,0.9293921922108721,0.0031907854832313614,0.0002827861382741226
17,local_to_zero,500,0.06286338467245212,1.0,0.3,0.0,0.0,True,True,17,-0.09649172685174347,5000,0.998,0.9452,2807.3781841599557,4.572017950624985,51.683482037420106,197.70337028378756,3887.1692131019427,1.8347514360279877,2.0,2.0,0.7586,0.017,0.0012,0.04487853985351109,0.04088824092504273,0.1044,0.29974759999999995,0.28204239999999997,-0.08495237741668822,21.29120180818081,0.6557495206453879,0.003218600938296016,0.0006318227599572528
18,local_to_zero,1000,0.04445112559022937,1.0,0.3,0.0,0.0,True,True,18,-0.09649172685174347,5000,0.9994,0.9476,879.4392683544727,4.477763380171579,51.269782927950125,246.2075441700657,4151.110161731776,1.8356494460849502,2.0,2.0,0.7546,0.0162,0.002,0.03202902084539863,0.028961984674254777,0.1434,0.2999616,0.282696,0.3215131088115934,15.415128957497467,0.6578499053690028,0.003151324800778238,0.0003463062228721987
19,local_to_zero,2500,0.02811336028466426,1.0,0.3,0.0,0.0,True,True,19,-0.09649172685174347,5000,0.999,0.9554,688.3150053088517,4.487054300005969,64.83100669084581,210.8344191357667,4077.5805822960697,1.8449567064596732,2.0,2.0,0.7596,0.016,0.001,0.020325616153146285,0.018329923439175208,0.2448,0.30019568,0.2829068,-0.16835032600843944,12.132972119638588,0.6547625855441823,0.0029192752525241594,0.0004469899327725404
20,local_to_zero,5000,0.019879147699226666,1.0,0.3,0.0,0.0,True,True,20,-0.09649172685174347,5000,0.9988,0.9482,6753.746589534788,4.70871481908823,60.84376049640086,239.02692128041934,7088.577359890251,1.838962021513409,2.0,2.0,0.759,0.013,0.003,0.013910989336576023,0.013042704381415231,0.355,0.30006972,0.28325816,0.30542927331902814,28.40208479758551,0.6864696775905075,0.0031342227106573,0.0004896039215529179
21,local_to_zero,500,0.12572676934490423,2.0,0.3,0.0,0.0,True,True,21,-0.09649172685174347,5000,0.996,0.9478,130.59785779651781,2.0227605431249627,6.790416578988362,14.673238725629584,212.91651847877986,1.6643050218783282,1.8400922954662706,2.0,0.4506,0.0048,0.0004,0.08966105507342133,0.042409710585459774,0.02,0.30024359999999994,0.27978600000000003,-0.06704308345432268,6.109709384643575,0.3308060123187936,0.003145636978419475,0.0008926365441768563
22,local_to_zero,1000,0.08890225118045875,2.0,0.3,0.0,0.0,True,True,22,-0.09649172685174347,5000,0.9938,0.9494,21.57150570290473,2.04642830762221,6.1452072791597185,13.33609426867363,171.6490048335992,1.6719150089156944,1.8485718874201877,2.0,0.4566,0.004,0.0002,0.0629278965278949,0.028970542235964552,0.0262,0.30010159999999997,0.281305,-0.022439935724503344,2.689357813971305,0.33316629284612914,0.0030996657884359074,0.0011100954913880142
23,local_to_zero,2500,0.05622672056932852,2.0,0.3,0.0,0.0,True,True,23,-0.09649172685174347,5000,0.9962,0.95,12216.189062915768,2.0358096977061098,6.160922909707393,13.424629710044266,184.4548946178106,1.6628524741940862,1.8181571002524595,2.0,0.445,0.0052,0.0002,0.040168121571695595,0.01868526412657843,0.0516,0.30011624000000003,0.28205264,-0.8184196239849705,63.44020824499091,0.3368220876688806,0.0030822070014844896,0.0008701218305501851
24,local_to_zero,5000,0.03975829539845333,2.0,0.3,0.0,0.0,True,True,24,-0.09649172685174347,5000,0.9946,0.9482,203.18394515022345,2.02145291012104,6.424294305829923,13.281737985788268,261.90350699594893,1.644876732396745,1.7874361865804205,2.0,0.4284,0.0044,0.0004,0.0284164567121746,0.013300909612249475,0.0808,0.29996424,0.28269624000000004,-0.14901673861082687,8.101440026092247,0.3540107577776492,0.0031342227106573,0.001036420763975709
25,local_to_zero,500,0.25145353868980846,4.0,0.3,0.0,0.0,True,True,25,-0.09649172685174347,5000,0.9778,0.9548,1.0534117123913125,0.9564252164762206,1.4537008404770584,1.703285460308014,2.579391834017992,1.0985951693143527,1.0388838802291758,1.51932407252819,0.0268,0.0,0.0,0.17872346417723214,0.04386994529297002,0.0,0.300268,0.2755388,-0.006324460728656129,0.2674892104926605,0.16052453282996942,0.0029379230759160463,0.002083610328252382
26,local_to_zero,1000,0.1778045023609175,4.0,0.3,0.0,0.0,True,True,26,-0.09649172685174347,5000,0.973,0.9476,1.039236310895011,0.9589624522673124,1.416462008026398,1.629094341919854,2.3228943675359055,1.0988955821404238,1.0422278617220797,1.498273535229857,0.0216,0.0,0.0,0.12665485334159252,0.029349512912159155,0.0,0.29996480000000003,0.2777558,-0.006390002306359795,0.2655264541426189,0.16126609220008528,0.003151324800778238,0.002292204179387169
27,local_to_zero,2500,0.11245344113865705,4.0,0.3,0.0,0.0,True,True,27,-0.09649172685174347,5000,0.9708,0.949,1.0573527976037604,0.9607398096001566,1.4415251352450988,1.6677344098721503,2.4158502387019163,1.0943258770012183,1.0393955233724423,1.4935066902295846,0.0212,0.0,0.0,0.08011843845051854,0.018941845759122927,0.0002,0.30014928,0.28009096,-0.00965391090548755,0.27250868791766386,0.1623120831353368,0.0031112376958374634,0.0023810653077981714
28,local_to_zero,5000,0.07951659079690666,4.0,0.3,0.0,0.0,True,True,28,-0.09649172685174347,5000,0.9744,0.9522,1.0428230295796004,0.9660603109249601,1.4303348073329225,1.6391489239761141,2.191269321094367,1.0991686153720397,1.043439564889242,1.4954796390627059,0.0216,0.0,0.0,0.056550625741022716,0.01324418059517004,0.0,0.30019932,0.28127988,-0.005360043112972226,0.26317832485215475,0.1623075489811078,0.0030171231330524103,0.0022335908309267373
29,severe_censoring,500,0.15,,0.5,0.0,0.0,True,True,29,-0.09649172685174347,2000,0.9935,0.9455,214.2966770318332,1.7701833139857963,4.318497435723924,6.94305736046682,83.05092701369522,1.5800988138253536,1.599068773951739,2.0,0.3265,0.0025,0.0,0.10763373988067397,0.043306342080100535,0.0115,0.499923,0.27901399999999993,-0.35746261047722816,9.745117272663661,0.293239179421525,0.005075911248239078,0.0017969070649312877
30,severe_censoring,500,0.15,,0.65,0.0,0.0,True,True,30,-0.09649172685174347,2000,0.9895,0.945,25.910308182098824,1.9416277246780933,4.489118311487738,7.17436001454999,63.874672792230214,1.6212255533260327,1.6843735594333076,2.0,0.3595,0.0015,0.0,0.10641084339863317,0.04268279545626549,0.009,0.6497920000000001,0.279846,-0.012270993895271295,2.6163964984812456,0.3173041861733915,0.005097793640389931,0.0022792268425937726
31,severe_censoring,1000,0.15,,0.5,0.0,0.0,True,True,31,-0.09649172685174347,2000,0.981,0.9455,1.4419295125438039,1.234722900989794,2.052165564285775,2.598814386006399,4.204169072973652,1.3198933946473494,1.2605765092569232,1.8706778561025434,0.081,0.0005,0.0,0.10582907360332691,0.029318615676025367,0.0005,0.500287,0.27900300000000006,-0.004413561976344723,0.3817388383327318,0.2264618776620553,0.005075911248239078,0.0030527856131736483
32,severe_censoring,1000,0.15,,0.65,0.0,0.0,True,True,32,-0.09649172685174347,2000,0.979,0.9405,1.6018231740358093,1.3287737908357473,2.2857631645888183,2.8094949879992197,5.168547002119638,1.3680312764207145,1.312995715639929,2.0,0.1045,0.0,0.0,0.10605135555791066,0.029724060500471085,0.0005,0.6502795,0.2788365,-0.018881251161809255,0.4354260496026626,0.23450811061578164,0.005289600646551685,0.00320616593457045
33,tie_ablation_correct,500,0.15,,0.3,0.0,0.0,True,True,6015,-0.09649172685174347,2000,0.993,0.953,3.606781812992366,1.6907486467079245,4.091704836092928,6.7203632394068356,32.789215081668445,1.5762442608777643,1.580605683446834,2.0,0.3315,0.004,0.0,0.10588229737532555,0.041921692524736286,0.006,0.300795,0.27932199999999996,-0.019740003660686505,0.7948599325879728,0.2827296294101643,0.004732388403332932,0.0018642692938521525
34,tie_ablation_naive,500,0.15,,0.3,0.0,0.0,False,False,6015,-0.09649172685174347,2000,0.9945,0.9555,3.6254625736503994,1.7065998950442016,4.113449203694134,6.766509404498528,32.87833003712534,1.5840212460552932,1.5946398062460196,2.0,0.3355,0.0035,0.0,0.10588229737532555,0.041921692524736286,0.006,0.300795,0.27932199999999996,-0.019740003660686505,0.7948599325879728,0.2827296294101643,0.004610843198374891,0.0016537457482938467
35,tie_ablation_correct,500,0.35,,0.3,0.0,0.0,True,True,6035,-0.09649172685174347,2000,0.9695,0.9555,0.6987320177861994,0.672866423037965,0.8773852026811185,0.9539516101094545,1.1461391211100123,0.7470236317845022,0.7140402245256068,0.9624487554195165,0.0,0.0,0.0,0.24982586145317767,0.041533649889040875,0.0,0.300296,0.27148700000000003,-0.0045453643055964965,0.1736890505472019,0.11476838646350063,0.004610843198374891,0.0038451105315712303
36,tie_ablation_naive,500,0.35,,0.3,0.0,0.0,False,False,6035,-0.09649172685174347,2000,0.971,0.957,0.7055700310198935,0.6795664164009405,0.8864518066869931,0.9642112439063404,1.157847020357903,0.7541454695218724,0.7207710715502462,0.9714727416088552,0.0,0.0,0.0,0.24982586145317767,0.041533649889040875,0.0,0.300296,0.27148700000000003,-0.0045453643055964965,0.1736890505472019,0.11476838646350063,0.004536022486716751,0.0037522659820433853
37,tie_ablation_correct,1000,0.15,,0.3,0.0,0.0,True,True,11015,-0.09649172685174347,2000,0.982,0.952,1.3699209151428007,1.148345483254211,1.8966447519492207,2.317335829591187,4.356520525797294,1.279382328856022,1.216380470239888,1.8742954525337845,0.0805,0.0005,0.0,0.10658464327485107,0.029929610743964677,0.0005,0.29985049999999996,0.27883749999999996,-0.004488522651539994,0.3709269313403387,0.2006882309915769,0.004779958158812692,0.002972877394041
38,tie_ablation_naive,1000,0.15,,0.3,0.0,0.0,False,False,11015,-0.09649172685174347,2000,0.983,0.9545,1.3819558347824519,1.1599889686644167,1.9133566770925778,2.341755261720375,4.378013149428558,1.2884490681329517,1.226771409580925,1.8868630941032576,0.0825,0.0005,0.0,0.10658464327485107,0.029929610743964677,0.0005,0.29985049999999996,0.27883749999999996,-0.004488522651539994,0.3709269313403387,0.2006882309915769,0.004659922209651143,0.0028905881754411173
39,tie_ablation_correct,1000,0.35,,0.3,0.0,0.0,True,True,11035,-0.09649172685174347,2000,0.9525,0.946,0.48414851555762084,0.475702992337434,0.5660321787351501,0.5961255280161633,0.678033800485231,0.5000535876587072,0.48972602234284723,0.5907244424523326,0.0,0.0,0.0,0.2491952206529585,0.029463022912610545,0.0,0.2996895,0.2715265,0.004944506645271713,0.12636434357568987,0.08520542359039858,0.005053909377897473,0.00475624589355933
40,tie_ablation_naive,1000,0.35,,0.3,0.0,0.0,False,False,11035,-0.09649172685174347,2000,0.9555,0.947,0.48886343259719295,0.4806588326671387,0.5715868570974458,0.6016758842415919,0.6842576869144763,0.5049144561043218,0.4945593164753722,0.5966782653754114,0.0,0.0,0.0,0.2491952206529585,0.029463022912610545,0.0,0.2996895,0.2715265,0.004944506645271713,0.12636434357568987,0.08520542359039858,0.005009540897128201,0.004610843198374891
41,informative_censoring,1000,0.15,,0.3,0.5,0.0,True,False,41,-0.09649172685174347,2000,0.9815,0.952,10.92162583473019,1.141024248354583,1.898582500146209,2.3157827167400127,4.853628862266361,1.2757743448171255,1.2083838333412493,1.88610962473639,0.087,0.0005,0.0,0.10712702688617282,0.030462446504277315,0.0015,0.317346,0.27835650000000006,-0.04205931297866693,1.4807228131939483,0.18824354109960043,0.004779958158812692,0.003013117156700015
42,informative_censoring,1000,0.15,,0.3,1.0,0.0,True,False,42,-0.09649172685174347,2000,0.986,0.949,1.3544776258249203,1.15205495860817,1.9258774063897708,2.3410236163197573,3.708826729740769,1.2677582626494956,1.2051370190975557,1.8474101688782172,0.0765,0.0005,0.0,0.10708043999267543,0.029942823306827123,0.0,0.35354199999999997,0.279236,-0.015307582753011728,0.3609074388123213,0.20265132901370497,0.004919298730510276,0.0026271657732240663
43,defiers,1000,0.15,,0.3,0.0,0.1,True,False,43,-0.09649172685174347,2000,0.987,0.952,8.09091055187369,1.471722620035902,2.9239782631891145,4.031658430365784,21.792145462028493,1.4891646983454165,1.4499431473660573,2.0,0.216,0.002,0.0,0.08492026350880136,0.029626456388229912,0.009,0.3002285,0.27931150000000005,-0.02439120183120829,1.1920935724294806,0.24641071356186106,0.004779958158812692,0.0025328837320335107
44,defiers,1000,0.15,,0.3,0.0,0.25,True,False,44,-0.09649172685174347,2000,0.9965,0.953,26133.35869212262,2.4509672956956887,12.041150457954073,36.278390851052016,910.4132438080735,1.7306120399009646,2.0,2.0,0.56,0.0085,0.0005,0.05413753230611701,0.029787198254649972,0.056,0.30030199999999996,0.2787455,-1.7210557735753604,79.79439136699182,0.4029684505382865,0.004732388403332932,0.0013205585939290896
